label,precision,recall,f1,tp,fp,fn
Positive,0.8888888888888888,1.0,0.9411764705882353,8,1,0
Negative,1.0,0.8,0.888888888888889,8,0,2
Neutral,0.6666666666666666,0.8,0.7272727272727272,4,2,1
